Time (s),Raw Pressure (mmHg),Low-Pass Filtered (Amplitude),BPM (at peak time)
0.121,0.00,0.0000,
0.142,0.00,0.0000,
0.152,0.00,0.0000,
0.162,0.00,0.0000,
0.175,0.00,0.0000,
0.182,0.00,0.0000,
0.192,0.00,0.0000,
0.202,0.00,0.0000,
0.215,0.00,0.0000,
0.264,0.00,0.0000,
0.290,0.00,0.0000,
0.317,0.00,0.0000,
0.329,0.00,0.0000,
0.342,0.00,0.0000,
0.355,0.00,0.0000,
0.366,0.00,0.0000,
0.377,0.00,0.0000,
0.387,0.00,0.0000,
0.401,0.00,0.0000,
0.421,0.00,0.0000,
0.435,0.00,0.0000,
0.454,0.00,0.0000,
0.470,0.00,0.0000,
0.484,0.00,0.0000,
0.498,0.00,0.0000,
0.512,0.00,0.0000,
0.526,0.00,0.0000,
0.545,0.00,0.0000,
0.562,0.00,0.0000,
0.576,0.00,0.0000,
0.590,0.00,0.0000,
0.605,0.00,0.0000,
0.623,0.00,0.0000,
0.635,0.00,0.0000,
0.652,0.00,0.0000,
0.666,0.00,0.0000,
0.681,0.00,0.0000,
0.695,0.00,0.0000,
0.710,0.00,0.0000,
0.724,0.00,0.0000,
0.742,0.00,0.0000,
0.757,0.00,0.0000,
0.771,0.00,0.0000,
0.782,0.00,0.0000,
0.802,0.00,0.0000,
0.814,0.00,0.0000,
0.826,0.00,0.0000,
0.834,0.00,0.0000,
0.847,0.00,0.0000,
0.859,0.00,0.0000,
0.869,0.00,0.0000,
0.884,0.00,0.0000,
0.894,0.00,0.0000,
0.904,0.00,0.0000,
0.915,0.00,0.0000,
0.925,0.00,0.0000,
0.934,0.00,0.0000,
0.946,0.00,0.0000,
0.957,0.00,0.0000,
0.965,0.00,0.0000,
0.978,0.00,0.0000,
0.989,0.00,0.0000,
0.999,0.00,0.0000,
1.008,0.01,0.0000,
1.040,0.75,0.0001,
1.095,2.68,0.0005,
1.110,2.93,0.0028,
1.127,3.80,0.0095,
1.148,4.11,0.0251,
1.184,5.34,0.0545,
1.198,5.61,0.1039,
1.212,6.17,0.1793,
1.224,6.64,0.2866,
1.247,7.14,0.4310,
1.257,7.25,0.6170,
1.279,8.31,0.8473,
1.315,9.26,1.1236,
1.344,9.92,1.4465,
1.374,10.87,1.8156,
1.450,13.25,2.2304,
1.479,14.03,2.6899,
1.494,14.58,3.1941,
1.513,15.24,3.7428,
1.525,15.60,4.3360,
1.537,15.83,4.9727,
1.548,16.12,5.6510,
1.558,16.67,6.3675,
1.565,16.68,7.1172,
1.573,16.96,7.8941,
1.584,17.16,8.6909,
1.594,17.67,9.4994,
1.603,17.79,10.3110,
1.614,18.27,11.1170,
1.624,18.47,11.9090,
1.639,19.04,12.6793,
1.649,19.14,13.4211,
1.665,19.77,14.1289,
1.681,20.21,14.7983,
1.707,20.85,15.4265,
1.730,21.73,16.0123,
1.751,22.40,16.5561,
1.767,22.74,17.0599,
1.781,23.17,17.5275,
1.822,24.67,17.9635,
1.842,25.35,18.3736,
1.860,25.68,18.7643,
1.872,26.03,19.1428,
1.888,26.66,19.5161,
1.899,26.73,19.8908,
1.911,27.10,20.2727,
1.924,27.03,20.6661,
1.942,27.70,21.0741,
1.964,28.98,21.4982,
1.978,29.07,21.9388,
1.985,29.27,22.3957,
1.994,29.50,22.8682,
2.004,29.80,23.3548,
2.015,30.53,23.8533,
2.024,30.39,24.3608,
2.034,30.70,24.8744,
2.047,31.16,25.3907,
2.057,31.75,25.9061,
2.067,31.87,26.4172,
2.075,31.96,26.9211,
2.084,32.38,27.4149,
2.094,32.56,27.8961,
2.105,33.23,28.3626,
2.114,33.22,28.8129,
2.125,33.50,29.2457,
2.134,33.71,29.6605,
2.144,33.87,30.0570,
2.154,34.29,30.4352,
2.168,34.83,30.7955,
2.186,35.47,31.1386,
2.200,35.65,31.4657,
2.217,36.28,31.7788,
2.234,36.71,32.0803,
2.254,37.48,32.3729,
2.273,37.84,32.6599,
2.295,38.51,32.9446,
2.313,39.26,33.2307,
2.330,39.27,33.5221,
2.348,40.23,33.8221,
2.366,40.59,34.1342,
2.384,41.00,34.4612,
2.410,42.24,34.8055,
2.428,42.58,35.1690,
2.451,43.59,35.5535,
2.469,43.90,35.9602,
2.485,44.60,36.3903,
2.501,44.99,36.8444,
2.515,45.61,37.3226,
2.528,45.41,37.8245,
2.540,45.87,38.3486,
2.553,46.33,38.8928,
2.565,46.77,39.4539,
2.576,46.74,40.0282,
2.589,47.74,40.6114,
2.606,48.01,41.1991,
2.621,48.38,41.7871,
2.646,49.44,42.3715,
2.659,49.40,42.9489,
2.670,49.85,43.5166,
2.687,50.48,44.0726,
2.705,51.07,44.6153,
2.727,51.79,45.1442,
2.746,52.03,45.6589,
2.763,52.57,46.1602,
2.778,53.11,46.6490,
2.790,53.49,47.1269,
2.802,53.87,47.5954,
2.814,54.31,48.0562,
2.830,54.70,48.5111,
2.842,54.77,48.9615,
2.854,55.49,49.4086,
2.866,55.70,49.8532,
2.881,56.22,50.2958,
2.892,56.24,50.7368,
2.904,56.98,51.1761,
2.915,57.04,51.6135,
2.925,57.52,52.0487,
2.940,58.05,52.4812,
2.962,58.52,52.9103,
2.974,58.94,53.3358,
2.989,59.49,53.7573,
2.998,59.71,54.1750,
3.008,60.18,54.5890,
3.025,60.56,54.9997,
3.043,60.96,55.4074,
3.060,61.48,55.8127,
3.074,61.83,56.2160,
3.092,62.65,56.6177,
3.111,63.24,57.0187,
3.128,63.45,57.4198,
3.142,64.04,57.8220,
3.154,64.28,58.2265,
3.171,64.76,58.6342,
3.182,65.22,59.0461,
3.194,65.67,59.4626,
3.204,65.83,59.8841,
3.215,66.12,60.3107,
3.225,66.37,60.7419,
3.236,66.77,61.1770,
3.247,67.04,61.6149,
3.257,67.32,62.0540,
3.268,67.53,62.4927,
3.278,68.14,62.9293,
3.288,68.25,63.3620,
3.299,68.74,63.7891,
3.310,68.91,64.2092,
3.320,69.30,64.6212,
3.332,69.62,65.0240,
3.342,70.11,65.4170,
3.353,70.20,65.8000,
3.366,70.95,66.1728,
3.382,70.94,66.5359,
3.398,71.89,66.8899,
3.411,72.01,67.2357,
3.436,72.83,67.5748,
3.451,73.26,67.9087,
3.464,73.57,68.2395,
3.479,74.19,68.5695,
3.492,74.84,68.9009,
3.506,75.02,69.2362,
3.520,75.28,69.5774,
3.533,75.84,69.9266,
3.547,76.17,70.2851,
3.560,76.62,70.6539,
3.574,76.99,71.0335,
3.584,77.07,71.4238,
3.599,77.76,71.8245,
3.613,78.34,72.2346,
3.624,78.38,72.6529,
3.638,78.95,73.0782,
3.651,79.49,73.5090,
3.662,79.64,73.9440,
3.674,80.08,74.3817,
3.689,80.91,74.8208,
3.705,80.86,75.2600,
3.716,81.33,75.6985,
3.728,81.74,76.1353,
3.743,82.27,76.5696,
3.758,82.65,77.0009,
3.773,83.19,77.4287,
3.789,83.51,77.8529,
3.803,83.84,78.2735,
3.816,84.12,78.6907,
3.831,84.74,79.1047,
3.842,85.26,79.5158,
3.857,85.30,79.9242,
3.872,85.88,80.3303,
3.886,86.51,80.7345,
3.901,86.78,81.1373,
3.916,87.38,81.5389,
3.932,87.66,81.9401,
3.947,88.16,82.3414,
3.961,88.51,82.7433,
3.976,89.29,83.1465,
3.990,89.46,83.5514,
4.005,89.89,83.9586,
4.020,90.35,84.3685,
4.035,91.03,84.7815,
4.058,91.51,85.1979,
4.071,91.84,85.6180,
4.080,92.07,86.0419,
4.089,92.24,86.4700,
4.253,97.59,86.9022,
4.293,98.60,87.3398,
4.342,100.16,87.7864,
4.372,101.17,88.2483,
4.402,101.44,88.7338,
4.432,102.96,89.2519,
4.463,103.65,89.8109,
4.494,104.75,90.4183,
4.524,105.36,91.0796,
4.555,106.38,91.7985,
4.581,107.38,92.5767,
4.608,108.29,93.4136,
4.631,108.73,94.3069,
4.655,109.20,95.2525,
4.691,110.93,96.2448,
4.731,111.88,97.2765,
4.771,112.80,98.3403,
4.810,114.20,99.4285,
4.850,115.44,100.5338,
4.885,116.15,101.6499,
4.928,117.71,102.7710,
4.951,118.49,103.8926,
4.973,118.84,105.0109,
4.997,119.85,106.1230,
5.018,120.49,107.2263,
5.045,121.34,108.3183,
5.080,122.49,109.3968,
5.114,123.49,110.4599,
5.151,124.35,111.5061,
5.184,125.21,112.5346,
5.213,126.08,113.5450,
5.257,127.64,114.5374,
5.282,128.17,115.5127,
5.309,129.00,116.4721,
5.331,129.76,117.4171,
5.356,130.71,118.3496,
5.380,131.22,119.2712,
5.405,132.02,120.1834,
5.429,132.76,121.0873,
5.453,133.41,121.9838,
5.485,134.19,122.8731,
5.511,135.31,123.7555,
5.537,135.99,124.6307,
5.560,136.56,125.4987,
5.584,137.10,126.3594,
5.607,137.96,127.2124,
5.629,138.50,128.0574,
5.665,139.46,128.8938,
5.691,140.44,129.7210,
5.721,141.60,130.5387,
5.751,142.56,131.3471,
5.775,143.05,132.1468,
5.808,143.98,132.9390,
5.855,145.29,133.7252,
5.895,146.51,134.5072,
5.932,147.66,135.2872,
5.968,149.16,136.0680,
6.007,149.93,136.8528,
6.066,151.96,137.6453,
6.101,152.57,138.4496,
6.135,153.99,139.2698,
6.169,154.78,140.1101,
6.203,155.91,140.9741,
6.241,157.31,141.8647,
6.277,158.12,142.7841,
6.301,158.87,143.7336,
6.324,159.44,144.7134,
6.353,160.42,145.7225,
6.395,161.87,146.7587,
6.426,162.44,147.8185,
6.465,163.71,148.8982,
6.502,164.83,149.9936,
6.539,165.97,151.1002,
6.576,167.10,152.2140,
6.618,168.09,153.3313,
6.655,169.41,154.4489,
6.692,170.76,155.5644,
6.732,171.68,156.6759,
6.771,172.78,157.7824,
6.814,174.30,158.8834,
6.867,175.54,159.9792,
6.931,177.56,161.0704,
6.976,179.06,162.1588,
7.003,179.82,163.2468,
7.030,180.21,164.3376,
7.220,179.56,165.4338,
7.328,179.30,166.5373,
7.420,179.06,167.6473,
7.509,178.70,168.7601,
7.599,178.55,169.8694,
7.688,178.50,170.9663,
7.733,178.02,172.0400,
7.800,178.31,173.0785,
7.868,178.00,174.0696,
7.932,177.78,175.0014,
7.994,177.55,175.8629,
8.018,177.68,176.6447,
8.057,177.39,177.3390,
8.090,177.48,177.9403,
8.123,177.15,178.4452,
8.158,176.99,178.8528,
8.190,176.75,179.1642,
8.220,176.82,179.3826,
8.252,176.97,179.5128,
8.284,177.04,179.5614,
8.316,176.62,179.5363,
8.345,176.76,179.4466,
8.377,176.82,179.3021,
8.406,176.66,179.1130,
8.470,176.38,178.8895,
8.491,176.31,178.6415,
8.512,176.15,178.3782,
8.533,176.31,178.1078,
8.555,176.15,177.8376,
8.579,176.10,177.5740,
8.602,176.35,177.3221,
8.624,175.94,177.0862,
8.647,176.06,176.8695,
8.669,175.90,176.6744,
8.693,175.80,176.5020,
8.718,175.94,176.3528,
8.741,175.60,176.2264,
8.764,175.82,176.1216,
8.790,175.44,176.0370,
8.816,175.65,175.9703,
8.839,175.67,175.9192,
8.863,175.30,175.8813,
8.891,175.19,175.8539,
8.916,175.43,175.8345,
8.940,175.23,175.8205,
8.966,175.07,175.8094,
8.990,175.44,175.7991,
9.015,174.82,175.7878,
9.041,174.69,175.7739,
9.107,174.79,175.7561,
9.130,174.62,175.7332,
9.153,174.85,175.7042,
9.182,174.67,175.6683,
9.210,174.72,175.6255,
9.239,174.25,175.5756,
9.264,174.55,175.5191,
9.290,174.38,175.4565,
9.317,174.23,175.3883,
9.345,174.16,175.3152,
9.374,174.37,175.2380,
9.407,174.16,175.1576,
9.434,174.00,175.0748,
9.462,173.95,174.9906,
9.490,173.90,174.9057,
9.517,174.06,174.8209,
9.547,173.55,174.7368,
9.574,173.73,174.6539,
9.600,173.67,174.5726,
9.625,173.29,174.4931,
9.653,173.31,174.4155,
9.681,173.36,174.3396,
9.708,173.42,174.2651,
9.735,173.41,174.1920,
9.765,173.28,174.1199,
9.838,172.98,174.0490,
9.863,172.94,173.9791,
9.892,172.82,173.9101,
9.923,172.98,173.8418,
9.951,172.67,173.7739,
9.981,172.80,173.7061,
10.010,172.56,173.6382,
10.040,172.48,173.5700,
10.068,172.58,173.5013,
10.097,172.39,173.4320,
10.123,172.38,173.3620,
10.149,172.42,173.2913,
10.176,172.39,173.2199,
10.208,172.12,173.1481,
10.242,172.16,173.0760,
10.279,171.84,173.0040,
10.315,171.79,172.9321,
10.343,171.87,172.8603,
10.373,171.42,172.7884,
10.400,171.45,172.7162,
10.430,171.56,172.6434,
10.457,171.31,172.5696,
10.483,171.54,172.4946,
10.514,171.13,172.4180,
10.541,171.28,172.3399,
10.604,170.96,172.2604,
10.625,170.91,172.1794,
10.645,170.98,172.0972,
10.668,171.18,172.0137,
10.695,170.72,171.9292,
10.723,170.80,171.8440,
10.752,170.57,171.7585,
10.784,170.62,171.6731,
10.818,170.75,171.5880,
10.851,170.36,171.5036,
10.883,170.30,171.4200,
10.916,170.32,171.3374,
10.943,170.14,171.2560,
10.975,170.11,171.1758,
11.007,169.98,171.0966,
11.040,169.93,171.0184,
11.069,170.17,170.9409,
11.099,169.89,170.8641,
11.137,169.84,170.7879,
11.168,169.74,170.7126,
11.200,169.66,170.6380,
11.233,169.24,170.5643,
11.268,169.29,170.4913,
11.301,169.34,170.4187,
11.335,169.23,170.3461,
11.405,169.09,170.2731,
11.426,168.92,170.1994,
11.447,169.18,170.1248,
11.470,169.06,170.0489,
11.495,168.77,169.9718,
11.520,168.65,169.8936,
11.550,168.42,169.8144,
11.582,168.57,169.7340,
11.611,168.33,169.6525,
11.644,168.29,169.5698,
11.675,168.48,169.4857,
11.706,168.14,169.4003,
11.740,168.25,169.3138,
11.774,168.12,169.2264,
11.807,167.91,169.1384,
11.841,168.15,169.0501,
11.874,168.00,168.9619,
11.908,168.01,168.8743,
11.945,167.60,168.7877,
11.977,167.60,168.7024,
12.009,167.52,168.6188,
12.043,167.48,168.5368,
12.075,167.10,168.4564,
12.110,167.37,168.3774,
12.143,167.20,168.2994,
12.221,167.11,168.2221,
12.244,166.95,168.1451,
12.266,166.75,168.0682,
12.290,166.77,167.9912,
12.314,166.80,167.9135,
12.339,166.59,167.8349,
12.365,166.53,167.7553,
12.391,166.36,167.6744,
12.417,166.69,167.5922,
12.443,166.26,167.5088,
12.470,166.16,167.4241,
12.497,166.44,167.3386,
12.523,166.23,167.2523,
12.548,166.10,167.1658,
12.574,166.19,167.0794,
12.602,166.19,166.9936,
12.631,165.93,166.9089,
12.659,165.49,166.8257,
12.689,165.99,166.7443,
12.718,165.57,166.6648,
12.747,165.64,166.5872,
12.775,165.54,166.5114,
12.803,165.95,166.4372,
12.829,165.87,166.3647,
12.857,165.56,166.2941,
12.917,165.26,166.2256,
12.938,165.42,166.1595,
12.958,165.34,166.0958,
12.978,165.16,166.0344,
12.999,165.22,165.9752,
13.023,164.71,165.9176,
13.046,164.85,165.8614,
13.070,164.95,165.8057,
13.096,164.86,165.7500,
13.122,164.99,165.6938,
13.150,164.68,165.6366,
13.182,164.57,165.5783,
13.214,164.36,165.5187,
13.244,164.43,165.4577,
13.275,164.45,165.3952,
13.306,164.13,165.3309,
13.336,164.45,165.2648,
13.367,164.21,165.1969,
13.399,164.00,165.1272,
13.433,164.00,165.0561,
13.467,163.74,164.9836,
13.498,164.16,164.9099,
13.529,163.69,164.8351,
13.564,163.45,164.7595,
13.599,163.56,164.6831,
13.670,163.42,164.6060,
13.693,163.29,164.5282,
13.717,163.27,164.4495,
13.748,163.57,164.3700,
13.775,162.81,164.2896,
13.823,162.71,164.2083,
13.867,162.79,164.1263,
13.913,162.69,164.0431,
13.950,162.94,163.9586,
13.981,162.68,163.8727,
14.014,162.47,163.7853,
14.046,162.31,163.6967,
14.080,162.31,163.6070,
14.109,162.43,163.5163,
14.143,162.30,163.4247,
14.175,162.06,163.3326,
14.209,161.90,163.2402,
14.242,162.05,163.1478,
14.272,162.10,163.0556,
14.308,161.82,162.9638,
14.342,161.89,162.8728,
14.375,161.86,162.7829,
14.408,161.51,162.6944,
14.440,161.32,162.6077,
14.470,161.35,162.5227,
14.543,161.10,162.4394,
14.567,161.15,162.3574,
14.592,160.96,162.2762,
14.627,160.94,162.1954,
14.661,160.94,162.1144,
14.699,160.72,162.0330,
14.735,160.67,161.9506,
14.765,160.67,161.8671,
14.801,160.71,161.7824,
14.832,160.67,161.6965,
14.865,160.42,161.6095,
14.899,160.17,161.5217,
14.933,160.17,161.4335,
14.966,159.98,161.3449,
14.998,160.03,161.2561,
15.029,160.03,161.1670,
15.063,159.87,161.0776,
15.093,159.67,160.9880,
15.126,159.78,160.8983,
15.161,159.70,160.8085,
15.197,159.43,160.7188,
15.232,159.60,160.6293,
15.267,159.45,160.5402,
15.298,159.23,160.4516,
15.332,159.15,160.3637,
15.398,158.88,160.2765,
15.421,159.00,160.1900,
15.444,158.96,160.1040,
15.470,159.00,160.0184,
15.498,158.67,159.9329,
15.530,159.03,159.8476,
15.558,158.66,159.7626,
15.589,158.81,159.6780,
15.622,158.28,159.5941,
15.654,158.24,159.5111,
15.686,158.57,159.4290,
15.718,158.49,159.3478,
15.750,158.31,159.2674,
15.784,158.21,159.1880,
15.818,158.10,159.1097,
15.851,158.09,159.0326,
15.884,157.77,158.9569,
15.917,157.59,158.8823,
15.948,157.78,158.8086,
15.983,157.52,158.7354,
16.015,157.69,158.6624,
16.047,157.22,158.5890,
16.075,157.51,158.5151,
16.106,157.17,158.4402,
16.138,157.14,158.3643,
16.219,157.09,158.2870,
16.250,157.06,158.2082,
16.282,156.77,158.1280,
16.310,156.77,158.0461,
16.343,156.68,157.9627,
16.376,156.60,157.8778,
16.407,156.53,157.7912,
16.439,156.52,157.7032,
16.465,156.33,157.6139,
16.493,156.30,157.5234,
16.522,156.19,157.4321,
16.551,156.20,157.3400,
16.580,156.07,157.2476,
16.606,155.99,157.1551,
16.633,156.11,157.0629,
16.662,156.17,156.9712,
16.689,155.90,156.8805,
16.718,155.69,156.7914,
16.748,155.83,156.7042,
16.782,155.78,156.6194,
16.814,155.60,156.5372,
16.853,155.50,156.4576,
16.871,155.63,156.3808,
16.888,155.44,156.3068,
16.904,155.31,156.2353,
16.957,155.19,156.1663,
16.976,155.10,156.0995,
16.992,155.07,156.0344,
17.008,154.92,155.9707,
17.026,155.06,155.9077,
17.045,155.08,155.8450,
17.068,154.86,155.7822,
17.090,154.79,155.7192,
17.125,154.73,155.6559,
17.158,154.85,155.5922,
17.191,154.61,155.5282,
17.225,154.51,155.4638,
17.259,154.18,155.3991,
17.294,154.28,155.3342,
17.330,154.49,155.2688,
17.364,154.00,155.2027,
17.394,153.89,155.1358,
17.426,153.89,155.0679,
17.457,153.80,154.9987,
17.490,153.96,154.9280,
17.524,153.71,154.8555,
17.556,153.72,154.7812,
17.589,153.62,154.7051,
17.623,153.75,154.6275,
17.655,153.52,154.5487,
17.722,153.17,154.4690,
17.743,153.14,154.3887,
17.763,153.07,154.3080,
17.797,153.07,154.2270,
17.832,153.10,154.1456,
17.867,152.88,154.0637,
17.898,152.83,153.9814,
17.932,152.87,153.8987,
17.965,152.71,153.8158,
17.999,152.44,153.7327,
18.031,152.42,153.6496,
18.066,152.55,153.5665,
18.100,152.41,153.4832,
18.140,151.96,153.4000,
18.174,152.02,153.3167,
18.208,152.21,153.2332,
18.243,151.93,153.1494,
18.277,151.81,153.0653,
18.314,151.95,152.9808,
18.349,151.66,152.8958,
18.382,151.68,152.8106,
18.415,151.74,152.7251,
18.450,151.46,152.6395,
18.480,151.41,152.5541,
18.506,151.47,152.4689,
18.573,150.99,152.3841,
18.592,151.01,152.2999,
18.614,151.10,152.2160,
18.638,150.99,152.1323,
18.663,150.93,152.0488,
18.691,150.92,151.9652,
18.721,150.90,151.8817,
18.753,150.73,151.7983,
18.785,150.83,151.7152,
18.819,150.28,151.6327,
18.850,150.46,151.5508,
18.881,150.43,151.4696,
18.914,150.47,151.3892,
18.946,150.42,151.3094,
18.974,150.01,151.2303,
19.005,150.20,151.1521,
19.034,149.93,151.0747,
19.063,150.09,150.9981,
19.090,150.04,150.9222,
19.118,149.65,150.8469,
19.147,149.79,150.7723,
19.182,149.65,150.6982,
19.216,149.52,150.6246,
19.250,149.48,150.5512,
19.282,149.33,150.4780,
19.350,149.05,150.4046,
19.377,149.23,150.3308,
19.405,149.04,150.2563,
19.438,148.71,150.1807,
19.470,148.97,150.1038,
19.501,148.88,150.0252,
19.534,148.80,149.9448,
19.568,148.54,149.8625,
19.597,148.41,149.7785,
19.622,148.53,149.6929,
19.654,148.31,149.6058,
19.683,148.23,149.5172,
19.715,148.18,149.4275,
19.747,148.11,149.3366,
19.780,147.92,149.2450,
19.811,148.15,149.1527,
19.843,148.04,149.0601,
19.873,147.83,148.9675,
19.902,147.76,148.8754,
19.931,148.07,148.7841,
19.965,147.68,148.6941,
19.997,147.38,148.6058,
20.032,147.52,148.5197,
20.064,147.28,148.4358,
20.098,147.40,148.3540,
20.167,147.17,148.2742,
20.197,147.28,148.1962,
20.230,146.99,148.1198,
20.265,146.77,148.0446,
20.299,146.82,147.9704,
20.333,146.80,147.8967,
20.364,146.54,147.8229,
20.392,146.61,147.7487,
20.425,146.57,147.6737,
20.458,146.49,147.5976,
20.491,146.31,147.5203,
20.523,146.32,147.4416,
20.557,146.31,147.3616,
20.584,145.93,147.2804,
20.613,146.10,147.1982,
20.640,146.16,147.1150,
20.666,145.96,147.0310,
20.696,145.87,146.9466,
20.724,145.88,146.8621,
20.754,145.80,146.7778,
20.782,145.81,146.6942,
20.816,145.68,146.6115,
20.847,145.33,146.5302,
20.877,145.42,146.4503,
20.906,145.19,146.3721,
20.970,145.25,146.2952,
20.989,145.08,146.2196,
21.007,145.03,146.1448,
21.025,145.12,146.0704,
21.045,145.27,145.9964,
21.067,145.09,145.9224,
21.089,144.71,145.8486,
21.111,144.98,145.7753,
21.135,144.93,145.7025,
21.161,144.59,145.6303,
21.188,144.86,145.5591,
21.214,144.42,145.4888,
21.240,144.71,145.4197,
21.268,144.16,145.3516,
21.296,144.29,145.2846,
21.321,144.33,145.2183,
21.346,144.31,145.1526,
21.372,144.10,145.0872,
21.401,144.16,145.0219,
21.429,143.73,144.9566,
21.457,143.96,144.8911,
21.487,143.84,144.8252,
21.516,143.60,144.7587,
21.546,143.62,144.6914,
21.574,143.61,144.6232,
21.650,143.57,144.5538,
21.682,143.25,144.4832,
21.716,143.22,144.4114,
21.749,143.18,144.3382,
21.785,143.35,144.2638,
21.815,143.07,144.1880,
21.848,143.00,144.1109,
21.882,142.87,144.0328,
21.915,142.89,143.9537,
21.951,142.64,143.8740,
21.983,142.73,143.7936,
22.016,142.65,143.7126,
22.049,142.35,143.6313,
22.080,142.39,143.5497,
22.114,142.25,143.4678,
22.149,141.93,143.3856,
22.180,142.37,143.3030,
22.213,141.93,143.2198,
22.246,141.99,143.1360,
22.279,141.90,143.0516,
22.312,141.78,142.9667,
22.346,141.80,142.8812,
22.381,141.48,142.7955,
22.414,141.58,142.7095,
22.449,141.54,142.6234,
22.518,141.20,142.5372,
22.539,141.45,142.4511,
22.560,141.16,142.3650,
22.581,141.26,142.2791,
22.603,141.02,142.1935,
22.625,141.12,142.1082,
22.649,140.91,142.0235,
22.673,141.08,141.9395,
22.697,140.96,141.8563,
22.723,140.77,141.7741,
22.750,140.67,141.6934,
22.777,140.63,141.6141,
22.810,140.36,141.5364,
22.839,140.29,141.4603,
22.870,140.34,141.3854,
22.904,140.52,141.3114,
22.939,140.18,141.2381,
22.973,140.03,141.1652,
23.008,140.19,141.0927,
23.040,139.87,141.0203,
23.072,139.99,140.9480,
23.103,139.78,140.8755,
23.133,139.94,140.8029,
23.161,139.78,140.7300,
23.188,139.49,140.6570,
23.248,139.68,140.5838,
23.269,139.32,140.5104,
23.291,139.57,140.4370,
23.314,139.02,140.3634,
23.343,139.48,140.2897,
23.370,139.06,140.2156,
23.396,139.19,140.1413,
23.423,138.86,140.0667,
23.456,139.06,139.9918,
23.488,138.86,139.9166,
23.521,138.77,139.8411,
23.557,138.85,139.7653,
23.589,138.42,139.6894,
23.624,138.62,139.6134,
23.655,138.74,139.5373,
23.688,138.53,139.4611,
23.718,138.21,139.3851,
23.747,138.23,139.3093,
23.779,138.05,139.2339,
23.813,138.17,139.1588,
23.847,137.63,139.0838,
23.878,137.96,139.0087,
23.907,137.77,138.9331,
23.942,137.54,138.8569,
23.973,137.74,138.7798,
24.046,137.39,138.7015,
24.072,137.28,138.6219,
24.098,137.41,138.5409,
24.126,137.31,138.4584,
24.151,137.05,138.3745,
24.178,137.10,138.2893,
24.201,136.95,138.2028,
24.225,137.00,138.1152,
24.249,136.90,138.0267,
24.276,136.77,137.9377,
24.303,136.78,137.8483,
24.328,136.72,137.7589,
24.351,136.67,137.6699,
24.375,136.85,137.5817,
24.400,136.55,137.4947,
24.426,136.89,137.4094,
24.450,136.27,137.3264,
24.476,136.56,137.2461,
24.502,136.42,137.1690,
24.529,136.17,137.0952,
24.554,136.09,137.0248,
24.580,135.80,136.9576,
24.609,136.00,136.8931,
24.631,136.06,136.8309,
24.659,136.06,136.7701,
24.727,136.12,136.7104,
24.748,135.69,136.6515,
24.773,135.71,136.5932,
24.798,135.56,136.5353,
24.825,135.45,136.4776,
24.849,135.55,136.4197,
24.875,135.50,136.3612,
24.900,135.11,136.3020,
24.928,135.33,136.2418,
24.954,134.99,136.1802,
24.980,135.10,136.1171,
25.007,134.95,136.0523,
25.031,135.07,135.9855,
25.058,134.86,135.9169,
25.084,134.47,135.8464,
25.111,134.99,135.7742,
25.137,134.59,135.7004,
25.164,134.67,135.6250,
25.191,134.29,135.5485,
25.216,134.48,135.4711,
25.243,134.49,135.3930,
25.269,134.40,135.3145,
25.295,134.16,135.2358,
25.321,134.55,135.1575,
25.346,134.19,135.0797,
25.411,134.04,135.0031,
25.431,133.81,134.9278,
25.456,133.63,134.8541,
25.481,133.92,134.7818,
25.510,133.80,134.7107,
25.537,133.54,134.6406,
25.565,133.55,134.5711,
25.594,133.63,134.5021,
25.622,133.42,134.4332,
25.654,133.51,134.3644,
25.685,133.21,134.2954,
25.716,133.58,134.2264,
25.746,133.38,134.1573,
25.776,133.42,134.0884,
25.804,133.13,134.0199,
25.833,132.74,133.9521,
25.862,132.92,133.8853,
25.887,132.83,133.8193,
25.913,132.53,133.7538,
25.943,132.49,133.6885,
25.971,132.74,133.6230,
25.998,132.50,133.5567,
26.027,132.41,133.4894,
26.055,132.56,133.4208,
26.086,132.49,133.3509,
26.157,132.31,133.2798,
26.179,132.06,133.2078,
26.201,132.04,133.1350,
26.228,132.02,133.0617,
26.253,131.92,132.9880,
26.282,131.69,132.9137,
26.312,131.87,132.8390,
26.338,131.63,132.7637,
26.367,131.61,132.6879,
26.396,131.56,132.6115,
26.426,131.54,132.5346,
26.453,131.53,132.4573,
26.482,131.40,132.3797,
26.511,131.37,132.3021,
26.538,131.23,132.2247,
26.570,131.28,132.1477,
26.603,131.04,132.0714,
26.635,131.16,131.9961,
26.668,131.01,131.9217,
26.700,131.00,131.8485,
26.731,130.62,131.7766,
26.763,130.64,131.7059,
26.796,130.52,131.6362,
26.831,130.48,131.5672,
26.863,130.04,131.4985,
26.942,130.21,131.4295,
26.968,129.83,131.3597,
26.997,129.98,131.2882,
27.028,130.20,131.2145,
27.059,129.90,131.1381,
27.089,129.88,131.0588,
27.119,129.63,130.9766,
27.145,129.63,130.8918,
27.169,129.75,130.8046,
27.193,129.70,130.7155,
27.215,129.72,130.6248,
27.238,129.25,130.5334,
27.263,129.29,130.4419,
27.287,129.44,130.3509,
27.312,129.23,130.2609,
27.335,129.27,130.1722,
27.359,129.63,130.0854,
27.381,129.39,130.0009,
27.402,129.16,129.9194,
27.427,129.12,129.8413,
27.450,129.34,129.7671,
27.473,129.23,129.6973,
27.496,128.71,129.6320,
27.520,129.02,129.5711,
27.543,128.91,129.5146,
27.603,128.75,129.4621,
27.623,128.78,129.4130,
27.642,128.62,129.3667,
27.665,128.57,129.3227,
27.687,128.50,129.2802,
27.710,128.11,129.2384,
27.733,128.27,129.1966,
27.758,128.16,129.1538,
27.782,128.12,129.1093,
27.810,128.06,129.0623,
27.835,127.89,129.0122,
27.861,128.24,128.9587,
27.884,127.69,128.9016,
27.909,127.65,128.8408,
27.931,128.02,128.7765,
27.953,127.65,128.7090,
27.980,127.50,128.6386,
28.004,127.73,128.5657,
28.031,127.60,128.4909,
28.059,127.45,128.4147,
28.084,127.18,128.3377,
28.109,127.22,128.2604,
28.135,126.92,128.1833,
28.160,127.10,128.1063,
28.185,126.95,128.0295,
28.251,127.11,127.9530,
28.272,126.71,127.8766,
28.293,126.81,127.8005,
28.316,126.56,127.7246,
28.341,126.82,127.6490,
28.366,126.63,127.5735,
28.391,126.23,127.4983,
28.414,126.48,127.4234,
28.440,126.33,127.3488,
28.464,126.70,127.2743,
28.488,126.39,127.2002,
28.515,126.48,127.1266,
28.542,126.37,127.0541,
28.567,125.89,126.9830,
28.591,126.32,126.9138,
28.614,126.18,126.8466,
28.639,125.88,126.7814,
28.663,125.87,126.7185,
28.689,125.73,126.6576,
28.714,126.04,126.5985,
28.737,125.73,126.5408,
28.761,125.62,126.4844,
28.785,125.86,126.4289,
28.812,125.79,126.3742,
28.838,125.67,126.3202,
28.902,125.25,126.2667,
28.922,125.40,126.2139,
28.943,125.54,126.1614,
28.966,125.46,126.1091,
28.991,124.77,126.0568,
29.014,125.35,126.0043,
29.037,124.84,125.9514,
29.063,125.38,125.8977,
29.091,125.15,125.8430,
29.118,124.89,125.7872,
29.146,124.81,125.7305,
29.174,124.70,125.6729,
29.202,124.80,125.6146,
29.231,124.51,125.5553,
29.260,124.66,125.4952,
29.287,124.43,125.4342,
29.318,124.11,125.3721,
29.346,124.20,125.3090,
29.375,124.32,125.2445,
29.404,124.06,125.1785,
29.438,123.89,125.1108,
29.470,123.77,125.0412,
29.504,123.90,124.9698,
29.536,123.86,124.8963,
29.566,123.72,124.8209,
29.639,123.58,124.7435,
29.660,123.41,124.6644,
29.685,123.23,124.5838,
29.713,123.54,124.5019,
29.741,123.32,124.4188,
29.771,123.31,124.3347,
29.803,123.22,124.2499,
29.831,123.09,124.1649,
29.861,122.87,124.0799,
29.887,123.11,123.9954,
29.918,122.81,123.9115,
29.952,122.66,123.8285,
29.983,122.72,123.7465,
30.018,122.47,123.6656,
30.050,122.68,123.5856,
30.082,122.57,123.5064,
30.116,122.25,123.4282,
30.146,122.10,123.3507,
30.176,121.96,123.2738,
30.203,122.23,123.1973,
30.235,122.14,123.1208,
30.265,121.72,123.0441,
30.295,121.70,122.9669,
30.327,121.97,122.8891,
30.355,121.70,122.8107,
30.424,121.67,122.7314,
30.443,121.57,122.6515,
30.465,121.38,122.5711,
30.490,121.45,122.4902,
30.518,121.51,122.4091,
30.547,121.13,122.3280,
30.576,121.46,122.2469,
30.603,121.06,122.1662,
30.633,120.99,122.0861,
30.662,121.06,122.0068,
30.693,121.05,121.9283,
30.721,120.86,121.8509,
30.751,120.87,121.7745,
30.784,120.57,121.6992,
30.816,120.52,121.6252,
30.846,120.54,121.5521,
30.876,120.62,121.4798,
30.903,120.36,121.4081,
30.932,120.58,121.3368,
30.961,120.33,121.2659,
30.993,120.27,121.1954,
31.022,120.07,121.1254,
31.055,120.23,121.0558,
31.088,119.98,120.9866,
31.120,119.97,120.9178,
31.191,120.03,120.8494,
31.210,119.55,120.7813,
31.231,119.48,120.7133,
31.258,119.47,120.6453,
31.286,119.54,120.5768,
31.317,119.24,120.5075,
31.350,119.14,120.4369,
31.381,118.99,120.3647,
31.413,119.00,120.2905,
31.443,119.17,120.2140,
31.471,119.05,120.1350,
31.502,118.79,120.0536,
31.532,118.91,119.9700,
31.560,118.56,119.8846,
31.588,118.61,119.7977,
31.618,118.51,119.7096,
31.647,118.32,119.6207,
31.677,118.29,119.5312,
31.704,118.38,119.4414,
31.735,118.15,119.3514,
31.766,118.28,119.2615,
31.798,118.16,119.1719,
31.832,117.71,119.0829,
31.862,117.76,118.9948,
31.893,117.87,118.9077,
31.958,117.63,118.8214,
31.977,117.56,118.7360,
31.996,117.70,118.6514,
32.019,117.52,118.5675,
32.046,117.53,118.4844,
32.077,117.54,118.4021,
32.103,117.54,118.3208,
32.134,117.24,118.2408,
32.165,117.34,118.1623,
32.193,117.11,118.0857,
32.222,116.90,118.0110,
32.251,117.04,117.9382,
32.281,117.15,117.8672,
32.310,117.07,117.7977,
32.337,117.10,117.7297,
32.367,116.72,117.6633,
32.396,116.62,117.5985,
32.427,116.65,117.5352,
32.454,116.52,117.4732,
32.486,116.74,117.4121,
32.516,116.59,117.3518,
32.546,116.38,117.2920,
32.579,116.26,117.2325,
32.610,116.23,117.1731,
32.637,116.14,117.1138,
32.706,116.00,117.0541,
32.726,115.99,116.9938,
32.748,115.60,116.9325,
32.775,116.02,116.8699,
32.803,115.69,116.8057,
32.834,115.76,116.7396,
32.864,115.54,116.6715,
32.896,115.43,116.6014,
32.926,115.52,116.5295,
32.954,115.52,116.4557,
32.985,115.33,116.3804,
33.017,115.25,116.3037,
33.047,114.73,116.2260,
33.077,114.95,116.1475,
33.104,114.93,116.0681,
33.135,114.65,115.9879,
33.166,114.55,115.9067,
33.196,114.61,115.8244,
33.226,114.08,115.7409,
33.253,114.27,115.6558,
33.282,114.37,115.5690,
33.312,113.92,115.4802,
33.343,114.34,115.3894,
33.369,113.88,115.2967,
33.401,114.00,115.2021,
33.466,113.96,115.1061,
33.486,113.96,115.0092,
33.507,113.72,114.9117,
33.530,113.83,114.8144,
33.559,114.07,114.7178,
33.586,113.67,114.6227,
33.615,113.52,114.5298,
33.644,113.44,114.4398,
33.669,113.44,114.3530,
33.698,113.42,114.2697,
33.727,113.18,114.1900,
33.756,113.20,114.1136,
33.789,113.32,114.0405,
33.821,112.96,113.9702,
33.853,113.10,113.9024,
33.885,113.00,113.8369,
33.918,112.84,113.7731,
33.950,112.59,113.7108,
33.985,112.51,113.6495,
34.020,112.67,113.5885,
34.053,112.59,113.5274,
34.086,112.18,113.4656,
34.115,112.37,113.4026,
34.144,112.23,113.3382,
34.175,112.02,113.2718,
34.241,112.25,113.2034,
34.269,112.09,113.1327,
34.297,112.31,113.0599,
34.328,111.96,112.9851,
34.361,112.01,112.9089,
34.393,112.00,112.8318,
34.425,111.96,112.7544,
34.458,111.80,112.6772,
34.490,111.75,112.6008,
34.523,111.69,112.5258,
34.555,111.56,112.4525,
34.586,111.46,112.3810,
34.619,111.49,112.3116,
34.650,111.35,112.2440,
34.682,111.17,112.1783,
34.714,110.96,112.1140,
34.746,110.77,112.0508,
34.782,110.75,111.9881,
34.823,110.57,111.9250,
34.861,110.62,111.8608,
34.895,110.35,111.7946,
34.929,110.34,111.7256,
34.961,110.37,111.6533,
34.996,110.08,111.5772,
35.036,109.94,111.4970,
35.109,109.91,111.4126,
35.136,109.77,111.3239,
35.172,109.76,111.2309,
35.205,109.62,111.1339,
35.238,109.41,111.0330,
35.270,109.30,110.9288,
35.302,109.07,110.8215,
35.335,109.30,110.7115,
35.367,109.18,110.5991,
35.400,109.15,110.4848,
35.431,109.00,110.3693,
35.462,108.94,110.2533,
35.494,108.62,110.1375,
35.526,108.78,110.0225,
35.558,108.68,109.9089,
35.590,108.47,109.7972,
35.622,108.45,109.6876,
35.653,108.24,109.5806,
35.685,108.32,109.4763,
35.715,108.23,109.3746,
35.747,108.24,109.2755,
35.777,108.52,109.1792,
35.810,108.01,109.0857,
35.844,107.96,108.9952,
35.879,107.86,108.9078,
35.949,107.62,108.8236,
35.968,107.61,108.7424,
35.988,107.83,108.6637,
36.011,107.40,108.5871,
36.035,107.58,108.5122,
36.061,107.43,108.4385,
36.088,107.37,108.3659,
36.115,107.30,108.2938,
36.144,107.17,108.2222,
36.178,107.31,108.1509,
36.209,107.10,108.0796,
36.236,107.21,108.0084,
36.269,107.51,107.9374,
36.301,107.33,107.8668,
36.332,106.72,107.7971,
36.363,107.21,107.7288,
36.395,106.70,107.6623,
36.427,106.84,107.5979,
36.461,106.70,107.5355,
36.491,106.53,107.4750,
36.520,106.57,107.4163,
36.551,106.61,107.3588,
36.583,106.40,107.3023,
36.613,106.31,107.2464,
36.645,106.18,107.1906,
36.712,105.96,107.1346,
36.734,105.77,107.0778,
36.756,106.00,107.0196,
36.782,105.97,106.9595,
36.809,105.69,106.8970,
36.836,105.66,106.8317,
36.864,105.56,106.7635,
36.892,105.03,106.6924,
36.919,104.96,106.6181,
36.949,105.16,106.5403,
36.977,105.16,106.4588,
37.008,105.24,106.3734,
37.037,104.67,106.2841,
37.068,104.97,106.1913,
37.099,104.82,106.0954,
37.130,104.82,105.9970,
37.161,104.61,105.8967,
37.190,104.48,105.7952,
37.218,104.34,105.6932,
37.249,104.58,105.5913,
37.280,104.14,105.4899,
37.311,104.11,105.3896,
37.343,104.12,105.2906,
37.369,104.11,105.1931,
37.401,104.21,105.0973,
37.468,103.94,105.0035,
37.489,103.92,104.9119,
37.510,103.98,104.8226,
37.533,103.96,104.7360,
37.559,103.74,104.6522,
37.586,103.80,104.5715,
37.617,103.50,104.4939,
37.649,103.24,104.4195,
37.679,103.21,104.3479,
37.712,103.35,104.2787,
37.746,103.15,104.2113,
37.779,103.19,104.1450,
37.818,102.92,104.0792,
37.850,102.90,104.0133,
37.881,102.74,103.9469,
37.911,102.45,103.8794,
37.941,102.89,103.8104,
37.968,102.62,103.7394,
38.001,102.72,103.6662,
38.032,102.47,103.5909,
38.062,102.49,103.5137,
38.093,102.72,103.4348,
38.125,102.70,103.3549,
38.153,102.41,103.2746,
38.184,102.42,103.1947,
38.253,102.15,103.1159,
38.283,102.17,103.0390,
38.322,102.25,102.9643,
38.352,101.96,102.8921,
38.385,101.82,102.8223,
38.416,101.71,102.7550,
38.448,101.82,102.6897,
38.481,101.51,102.6261,
38.512,101.62,102.5636,
38.543,101.49,102.5016,
38.575,101.39,102.4396,
38.604,101.20,102.3772,
38.637,101.30,102.3137,
38.668,101.15,102.2489,
38.702,101.03,102.1825,
38.736,100.82,102.1141,
38.770,100.33,102.0436,
38.804,100.81,101.9707,
38.834,100.56,101.8948,
38.865,100.64,101.8159,
38.898,100.33,101.7337,
38.929,100.06,101.6484,
38.961,99.87,101.5601,
38.994,99.86,101.4687,
39.027,100.23,101.3742,
39.100,99.84,101.2767,
39.126,99.77,101.1763,
39.159,99.66,101.0737,
39.190,99.87,100.9691,
39.224,99.38,100.8633,
39.255,99.40,100.7569,
39.285,99.29,100.6504,
39.309,99.45,100.5442,
39.335,99.24,100.4389,
39.360,99.09,100.3349,
39.384,98.99,100.2324,
39.408,99.11,100.1320,
39.431,98.82,100.0337,
39.457,99.10,99.9377,
39.481,98.92,99.8442,
39.505,98.76,99.7534,
39.530,98.87,99.6656,
39.555,98.71,99.5808,
39.578,98.45,99.4992,
39.602,98.51,99.4208,
39.627,98.55,99.3455,
39.651,98.49,99.2731,
39.675,98.76,99.2033,
39.698,98.56,99.1361,
39.723,98.36,99.0715,
39.781,98.19,99.0096,
39.801,98.33,98.9504,
39.823,98.07,98.8937,
39.845,98.26,98.8393,
39.873,97.92,98.7869,
39.900,98.01,98.7360,
39.926,97.92,98.6863,
39.951,98.05,98.6373,
39.976,97.90,98.5887,
40.000,97.93,98.5403,
40.027,97.88,98.4918,
40.052,97.78,98.4433,
40.077,97.49,98.3947,
40.102,97.78,98.3460,
40.125,97.76,98.2973,
40.150,97.79,98.2484,
40.176,97.59,98.1995,
40.200,97.53,98.1508,
40.225,97.28,98.1027,
40.249,97.26,98.0550,
40.275,96.98,98.0078,
40.299,97.30,97.9608,
40.323,97.02,97.9135,
40.345,96.94,97.8656,
40.368,97.09,97.8167,
40.431,96.97,97.7664,
40.451,96.34,97.7146,
40.472,96.49,97.6610,
40.494,96.53,97.6053,
40.517,96.44,97.5470,
40.541,96.21,97.4857,
40.564,96.25,97.4212,
40.589,96.12,97.3534,
40.613,96.09,97.2820,
40.639,96.02,97.2072,
40.664,95.85,97.1292,
40.690,95.80,97.0481,
40.717,95.42,96.9642,
40.743,95.57,96.8778,
40.769,95.71,96.7891,
40.801,95.32,96.6984,
40.845,95.57,96.6059,
40.878,95.18,96.5121,
40.911,95.29,96.4175,
40.941,95.35,96.3226,
40.970,95.29,96.2278,
41.001,94.81,96.1337,
41.034,95.05,96.0409,
41.064,94.97,95.9498,
41.095,94.66,95.8605,
41.169,94.56,95.7733,
41.191,94.38,95.6882,
41.217,94.42,95.6048,
41.244,94.64,95.5229,
41.276,94.30,95.4420,
41.308,94.16,95.3620,
41.336,94.11,95.2825,
41.366,93.89,95.2033,
41.393,93.94,95.1242,
41.423,94.01,95.0447,
41.449,94.07,94.9648,
41.476,94.07,94.8843,
41.502,93.77,94.8034,
41.529,93.67,94.7225,
41.556,93.94,94.6420,
41.582,93.79,94.5623,
41.609,93.74,94.4838,
41.635,93.74,94.4070,
41.661,93.74,94.3323,
41.689,93.57,94.2603,
41.716,93.47,94.1914,
41.744,93.65,94.1258,
41.774,93.66,94.0636,
41.802,93.34,94.0050,
41.831,93.33,93.9500,
41.896,93.42,93.8985,
41.918,93.36,93.8502,
41.941,93.11,93.8049,
41.966,93.04,93.7621,
41.995,92.97,93.7214,
42.025,92.95,93.6821,
42.052,92.66,93.6435,
42.082,92.83,93.6048,
42.115,92.75,93.5653,
42.147,92.44,93.5243,
42.179,92.36,93.4811,
42.212,92.44,93.4351,
42.244,92.31,93.3857,
42.282,91.96,93.3327,
42.310,91.82,93.2755,
42.341,91.79,93.2138,
42.368,91.38,93.1473,
42.400,91.56,93.0756,
42.428,91.33,92.9981,
42.458,91.19,92.9148,
42.485,91.41,92.8253,
42.514,90.95,92.7299,
42.544,91.42,92.6288,
42.574,91.07,92.5225,
42.603,90.86,92.4119,
42.668,91.14,92.2981,
42.688,90.94,92.1820,
42.710,90.84,92.0648,
42.733,90.88,91.9478,
42.760,90.85,91.8321,
42.791,90.83,91.7189,
42.821,90.66,91.6090,
42.855,90.49,91.5035,
42.890,90.42,91.4031,
42.925,90.41,91.3080,
42.956,90.54,91.2184,
42.988,90.33,91.1343,
43.019,90.32,91.0555,
43.052,89.84,90.9818,
43.084,89.76,90.9126,
43.115,89.69,90.8474,
43.148,89.78,90.7850,
43.181,89.82,90.7243,
43.212,89.25,90.6644,
43.243,89.32,90.6042,
43.274,89.52,90.5427,
43.302,89.67,90.4793,
43.334,89.35,90.4133,
43.367,89.44,90.3447,
43.399,89.28,90.2736,
43.469,89.03,90.2002,
43.489,89.07,90.1251,
43.510,89.11,90.0485,
43.533,89.25,89.9708,
43.558,89.16,89.8925,
43.582,89.38,89.8143,
43.608,88.79,89.7370,
43.634,88.98,89.6613,
43.661,88.98,89.5879,
43.690,88.76,89.5173,
43.718,88.94,89.4499,
43.749,88.70,89.3858,
43.781,88.66,89.3253,
43.815,88.52,89.2681,
43.847,88.22,89.2141,
43.878,88.36,89.1628,
43.909,88.18,89.1135,
43.940,88.14,89.0654,
43.969,87.99,89.0177,
44.000,87.98,88.9695,
44.031,87.66,88.9200,
44.063,87.56,88.8685,
44.098,87.57,88.8142,
44.128,87.26,88.7564,
44.158,87.17,88.6943,
44.221,87.05,88.6274,
44.240,86.76,88.5551,
44.261,87.05,88.4770,
44.288,86.62,88.3927,
44.317,86.59,88.3020,
44.348,86.62,88.2052,
44.379,86.81,88.1025,
44.409,86.64,87.9944,
44.443,86.45,87.8818,
44.474,86.28,87.7660,
44.502,86.32,87.6479,
44.534,86.30,87.5289,
44.566,86.01,87.4099,
44.599,86.44,87.2919,
44.633,86.02,87.1759,
44.666,85.83,87.0628,
44.699,86.03,86.9533,
44.733,85.72,86.8481,
44.765,85.48,86.7473,
44.799,85.48,86.6511,
44.830,85.94,86.5594,
44.866,85.35,86.4717,
44.897,85.11,86.3880,
44.931,85.27,86.3076,
44.966,85.12,86.2302,
45.041,84.98,86.1549,
45.077,84.63,86.0812,
45.109,84.85,86.0083,
45.144,84.72,85.9354,
45.177,84.82,85.8617,
45.208,84.20,85.7867,
45.237,84.59,85.7100,
45.271,84.41,85.6313,
45.304,84.51,85.5503,
45.341,84.63,85.4672,
45.375,84.39,85.3822,
45.409,84.30,85.2959,
45.443,84.32,85.2090,
45.474,84.07,85.1224,
45.499,84.34,85.0365,
45.530,84.00,84.9521,
45.560,84.19,84.8698,
45.592,84.22,84.7899,
45.625,83.86,84.7130,
45.658,83.84,84.6395,
45.695,83.65,84.5694,
45.728,83.57,84.5028,
45.762,83.61,84.4393,
45.796,83.54,84.3784,
45.832,83.71,84.3197,
45.918,83.43,84.2626,
45.939,83.16,84.2067,
45.963,83.13,84.1516,
45.990,82.62,84.0967,
46.019,82.75,84.0412,
46.051,82.61,83.9844,
46.083,82.55,83.9250,
46.113,82.29,83.8623,
46.145,82.27,83.7954,
46.177,82.03,83.7235,
46.209,82.22,83.6461,
46.241,81.90,83.5628,
46.273,81.77,83.4735,
46.304,81.64,83.3783,
46.342,81.72,83.2773,
46.377,81.50,83.1711,
46.410,81.74,83.0600,
46.443,81.59,82.9448,
46.475,81.59,82.8265,
46.509,81.03,82.7063,
46.542,81.22,82.5854,
46.576,81.10,82.4646,
46.608,81.04,82.3448,
46.642,81.16,82.2268,
46.675,80.79,82.1112,
46.742,80.75,81.9986,
46.774,80.76,81.8892,
46.807,80.59,81.7835,
46.841,80.38,81.6815,
46.873,80.37,81.5830,
46.901,80.54,81.4880,
46.933,80.48,81.3961,
46.967,79.99,81.3071,
46.996,80.27,81.2207,
47.024,79.91,81.1368,
47.059,80.01,81.0550,
47.092,79.92,80.9749,
47.125,79.67,80.8961,
47.158,79.52,80.8184,
47.190,79.96,80.7412,
47.220,79.64,80.6642,
47.253,79.29,80.5873,
47.285,79.27,80.5102,
47.316,79.42,80.4329,
47.347,79.49,80.3551,
47.377,79.45,80.2768,
47.409,79.32,80.1983,
47.441,79.43,80.1198,
47.472,79.40,80.0419,
47.503,79.42,79.9652,
47.570,79.15,79.8904,
47.588,79.09,79.8181,
47.607,79.03,79.7487,
47.627,79.13,79.6826,
47.653,79.13,79.6199,
47.680,78.90,79.5606,
47.709,78.76,79.5047,
47.740,78.62,79.4520,
47.773,78.56,79.4021,
47.809,78.70,79.3544,
47.850,78.19,79.3083,
47.886,78.37,79.2628,
47.918,78.44,79.2173,
47.949,78.19,79.1709,
47.982,78.00,79.1231,
48.014,77.97,79.0731,
48.048,77.51,79.0205,
48.080,77.40,78.9647,
48.112,77.51,78.9049,
48.146,77.14,78.8403,
48.176,77.10,78.7704,
48.212,76.96,78.6945,
48.243,76.88,78.6122,
48.275,77.02,78.5231,
48.307,76.89,78.4274,
48.371,76.82,78.3252,
48.391,76.26,78.2173,
48.419,76.57,78.1044,
48.449,76.33,77.9872,
48.483,76.52,77.8666,
48.517,76.20,77.7434,
48.553,76.22,77.6187,
48.594,76.36,77.4935,
48.627,76.01,77.3687,
48.661,75.66,77.2455,
48.695,76.09,77.1246,
48.718,75.88,77.0067,
48.743,75.84,76.8924,
48.763,75.69,76.7820,
48.791,75.64,76.6760,
48.810,75.63,76.5746,
48.831,75.28,76.4780,
48.850,75.49,76.3861,
48.866,75.30,76.2986,
48.884,75.64,76.2154,
48.900,75.45,76.1360,
48.920,75.17,76.0604,
48.942,75.19,75.9885,
48.958,75.12,75.9200,
48.986,75.27,75.8546,
49.034,75.23,75.7922,
49.055,75.12,75.7324,
49.072,75.21,75.6751,
49.089,75.18,75.6204,
49.106,75.13,75.5681,
49.146,74.89,75.5183,
49.176,74.97,75.4711,
49.207,74.84,75.4262,
49.241,74.88,75.3836,
49.280,74.87,75.3428,
49.317,75.02,75.3037,
49.356,74.76,75.2661,
49.413,74.81,75.2297,
49.445,74.66,75.1945,
49.479,74.42,75.1602,
49.512,74.35,75.1266,
49.545,74.40,75.0933,
49.577,73.98,75.0596,
49.609,74.42,75.0248,
49.641,74.37,74.9884,
49.674,73.87,74.9498,
49.706,73.58,74.9086,
49.739,73.76,74.8644,
49.770,73.63,74.8166,
49.801,73.46,74.7647,
49.872,73.19,74.7082,
49.891,72.91,74.6466,
49.913,72.87,74.5795,
49.941,72.38,74.5064,
49.973,72.64,74.4266,
50.005,72.47,74.3395,
50.035,72.36,74.2448,
50.068,72.44,74.1423,
50.099,72.52,74.0323,
50.131,72.23,73.9154,
50.164,72.01,73.7926,
50.194,72.09,73.6649,
50.229,72.12,73.5337,
50.261,72.19,73.4003,
50.297,71.99,73.2660,
50.337,71.60,73.1323,
50.379,71.51,73.0006,
50.407,71.95,72.8719,
50.424,71.53,72.7471,
50.439,71.50,72.6269,
50.455,71.56,72.5119,
50.472,71.42,72.4023,
50.488,71.58,72.2986,
50.508,71.31,72.2008,
50.538,71.23,72.1090,
50.602,70.93,72.0232,
50.623,70.98,71.9431,
50.643,71.11,71.8680,
50.673,70.94,71.7972,
50.704,70.89,71.7302,
50.734,70.85,71.6662,
50.766,70.75,71.6046,
50.799,70.61,71.5448,
50.832,70.61,71.4863,
50.864,70.14,71.4286,
50.895,70.41,71.3709,
50.926,70.38,71.3127,
50.958,70.64,71.2534,
50.989,70.48,71.1928,
51.015,70.70,71.1309,
51.047,70.30,71.0680,
51.075,70.54,71.0048,
51.106,70.09,70.9418,
51.133,70.29,70.8798,
51.165,70.30,70.8191,
51.194,70.15,70.7602,
51.225,70.14,70.7033,
51.258,70.06,70.6487,
51.291,69.82,70.5965,
51.323,69.92,70.5466,
51.391,69.89,70.4988,
51.423,69.65,70.4528,
51.452,69.70,70.4082,
51.481,69.33,70.3644,
51.506,69.38,70.3209,
51.536,69.30,70.2770,
51.563,69.13,70.2319,
51.589,69.09,70.1849,
51.615,68.78,70.1353,
51.640,68.78,70.0825,
51.671,68.46,70.0256,
51.698,68.55,69.9642,
51.726,68.30,69.8975,
51.754,68.20,69.8252,
51.780,68.37,69.7469,
51.806,68.16,69.6624,
51.831,67.89,69.5719,
51.854,68.22,69.4758,
51.877,68.07,69.3745,
51.903,67.72,69.2690,
51.926,67.58,69.1600,
51.951,67.68,69.0486,
51.976,67.62,68.9355,
52.002,67.52,68.8215,
52.025,67.46,68.7075,
52.086,67.28,68.5941,
52.106,67.19,68.4822,
52.128,67.21,68.3722,
52.152,66.99,68.2647,
52.177,67.41,68.1598,
52.203,67.10,68.0581,
52.227,67.15,67.9597,
52.253,66.86,67.8651,
52.278,66.98,67.7746,
52.304,66.86,67.6884,
52.329,66.59,67.6065,
52.355,66.67,67.5290,
52.381,66.47,67.4553,
52.409,66.55,67.3853,
52.437,66.30,67.3182,
52.464,66.43,67.2536,
52.490,66.31,67.1908,
52.519,66.25,67.1293,
52.546,66.33,67.0687,
52.572,66.02,67.0086,
52.600,65.95,66.9486,
52.629,66.04,66.8886,
52.653,66.17,66.8282,
52.681,66.12,66.7674,
52.710,66.03,66.7061,
52.784,65.91,66.6447,
52.809,65.97,66.5836,
52.846,65.89,66.5229,
52.882,65.87,66.4632,
52.923,65.99,66.4048,
52.960,65.97,66.3480,
52.994,65.68,66.2932,
53.030,65.65,66.2407,
53.063,65.56,66.1908,
53.096,65.63,66.1433,
53.125,65.60,66.0983,
53.155,65.32,66.0554,
53.182,65.13,66.0142,
53.213,65.24,65.9744,
53.241,65.08,65.9351,
53.270,65.23,65.8959,
53.297,64.66,65.8558,
53.323,64.58,65.8144,
53.349,64.62,65.7707,
53.375,64.58,65.7240,
53.402,64.28,65.6735,
53.429,64.13,65.6185,
53.456,64.23,65.5584,
53.481,63.79,65.4927,
53.506,63.90,65.4212,
53.567,63.78,65.3434,
53.586,63.48,65.2593,
53.608,63.54,65.1689,
53.630,63.43,65.0724,
53.654,63.51,64.9701,
53.677,63.43,64.8625,
53.702,63.19,64.7505,
53.727,63.45,64.6348,
53.754,63.26,64.5167,
53.779,63.18,64.3974,
53.807,63.07,64.2780,
53.837,62.82,64.1597,
53.864,62.93,64.0436,
53.892,62.97,63.9305,
53.925,62.58,63.8211,
53.957,62.57,63.7157,
53.988,62.48,63.6147,
54.018,62.61,63.5180,
54.051,62.55,63.4257,
54.082,62.46,63.3374,
54.115,62.27,63.2532,
54.148,62.13,63.1727,
54.190,62.05,63.0958,
54.223,62.18,63.0219,
54.256,61.68,62.9505,
54.325,61.86,62.8810,
54.349,61.84,62.8129,
54.376,61.58,62.7455,
54.406,61.50,62.6782,
54.441,61.48,62.6104,
54.472,61.71,62.5417,
54.502,61.35,62.4718,
54.532,61.65,62.4005,
54.566,61.60,62.3280,
54.597,61.38,62.2545,
54.627,61.63,62.1805,
54.656,61.41,62.1068,
54.681,61.66,62.0340,
54.709,61.43,61.9629,
54.738,61.59,61.8943,
54.766,61.18,61.8290,
54.798,61.25,61.7676,
54.831,61.34,61.7105,
54.863,61.03,61.6577,
54.893,61.19,61.6093,
54.924,60.82,61.5650,
54.956,60.73,61.5243,
54.988,60.90,61.4864,
55.018,60.27,61.4505,
55.050,60.75,61.4155,
55.119,60.39,61.3804,
55.137,60.33,61.3441,
55.156,60.08,61.3056,
55.177,60.16,61.2639,
55.201,60.16,61.2184,
55.226,59.58,61.1682,
55.254,59.66,61.1129,
55.281,59.78,61.0519,
55.307,59.37,60.9849,
55.333,59.24,60.9117,
55.361,59.31,60.8322,
55.389,59.03,60.7463,
55.415,59.01,60.6543,
55.443,58.84,60.5563,
55.472,58.83,60.4528,
55.499,58.88,60.3441,
55.529,58.83,60.2311,
55.558,58.69,60.1145,
55.588,58.58,59.9953,
55.616,58.62,59.8747,
55.646,58.48,59.7538,
55.675,58.24,59.6335,
55.705,58.32,59.5148,
55.732,58.37,59.3985,
55.762,57.95,59.2853,
55.832,57.94,59.1757,
55.854,57.99,59.0699,
55.880,58.02,58.9682,
55.913,57.77,58.8704,
55.954,57.73,58.7766,
55.995,57.68,58.6867,
56.035,57.42,58.6004,
56.081,57.39,58.5174,
56.119,57.45,58.4372,
56.157,56.79,58.3593,
56.192,57.15,58.2831,
56.223,57.06,58.2077,
56.255,56.74,58.1325,
56.284,57.05,58.0568,
56.315,57.01,57.9801,
56.346,56.58,57.9021,
56.382,56.40,57.8227,
56.420,56.71,57.7419,
56.458,56.58,57.6596,
56.492,56.49,57.5759,
56.524,56.59,57.4911,
56.557,56.79,57.4055,
56.589,56.60,57.3198,
56.622,56.77,57.2348,
56.650,56.38,57.1516,
56.724,56.48,57.0711,
56.745,56.47,56.9942,
56.768,56.47,56.9214,
56.799,56.55,56.8534,
56.832,56.43,56.7905,
56.867,55.99,56.7329,
56.900,56.19,56.6808,
56.933,55.59,56.6337,
56.968,55.83,56.5910,
57.005,55.87,56.5517,
57.038,55.63,56.5146,
57.072,55.67,56.4785,
57.106,55.54,56.4423,
57.140,55.25,56.4049,
57.172,54.85,56.3654,
57.205,54.90,56.3228,
57.233,54.85,56.2758,
57.265,54.23,56.2234,
57.297,54.43,56.1645,
57.330,54.55,56.0981,
57.359,54.29,56.0235,
57.390,53.97,55.9403,
57.422,53.93,55.8483,
57.454,53.95,55.7478,
57.482,53.71,55.6390,
57.550,53.72,55.5225,
57.569,53.80,55.3992,
57.588,53.73,55.2700,
57.609,53.51,55.1362,
57.632,53.37,54.9992,
57.659,53.62,54.8606,
57.688,53.37,54.7217,
57.716,53.16,54.5840,
57.747,53.36,54.4489,
57.777,53.39,54.3174,
57.808,53.10,54.1907,
57.838,53.08,54.0697,
57.866,53.08,53.9551,
57.896,52.77,53.8473,
57.924,52.69,53.7467,
57.956,52.63,53.6530,
57.985,52.71,53.5658,
58.013,52.22,53.4845,
58.045,52.55,53.4083,
58.075,52.47,53.3362,
58.105,52.48,53.2674,
58.130,52.21,53.2011,
58.157,52.16,53.1368,
58.187,52.06,53.0737,
58.214,51.92,53.0114,
58.280,52.23,52.9492,
58.299,51.76,52.8866,
58.317,51.87,52.8233,
58.338,52.04,52.7592,
58.360,52.15,52.6941,
58.383,51.98,52.6282,
58.407,52.13,52.5620,
58.434,51.85,52.4961,
58.460,52.41,52.4313,
58.487,52.14,52.3685,
58.516,52.18,52.3086,
58.546,52.01,52.2526,
58.575,51.98,52.2013,
58.604,51.63,52.1552,
58.631,51.56,52.1148,
58.661,51.58,52.0795,
58.691,51.76,52.0489,
58.719,51.76,52.0222,
58.747,51.71,51.9984,
58.777,51.32,51.9769,
58.807,51.21,51.9569,
58.847,50.97,51.9374,
58.897,51.01,51.9174,
58.943,50.38,51.8957,
58.992,50.65,51.8708,
59.077,50.44,51.8413,
59.098,50.41,51.8057,
59.120,49.93,51.7629,
59.144,49.64,51.7117,
59.171,49.50,51.6513,
59.196,49.44,51.5807,
59.223,49.72,51.4990,
59.253,49.62,51.4060,
59.280,49.35,51.3018,
59.309,49.31,51.1871,
59.339,49.39,51.0628,
59.370,49.19,50.9304,
59.395,49.29,50.7916,
59.424,49.09,50.6481,
59.455,48.89,50.5019,
59.480,48.74,50.3549,
59.511,48.91,50.2086,
59.541,48.94,50.0646,
59.574,49.09,49.9242,
59.605,48.27,49.7888,
59.632,48.27,49.6594,
59.662,48.30,49.5366,
59.694,48.39,49.4207,
59.726,48.16,49.3114,
59.756,48.07,49.2086,
59.830,48.07,49.1117,
59.850,47.82,49.0202,
59.871,47.74,48.9334,
59.897,48.01,48.8505,
59.924,47.84,48.7708,
59.954,47.84,48.6937,
59.985,47.60,48.6187,
60.016,47.74,48.5456,
60.052,47.53,48.4739,
60.084,47.49,48.4036,
60.116,47.46,48.3344,
60.149,47.16,48.2662,
60.191,47.60,48.1988,
60.229,47.11,48.1321,
60.264,47.52,48.0659,
60.296,47.37,48.0003,
60.328,47.12,47.9355,
60.363,47.40,47.8718,
60.397,47.26,47.8094,
60.432,47.18,47.7487,
60.465,47.28,47.6900,
60.497,47.08,47.6336,
60.531,47.15,47.5799,
60.565,46.90,47.5290,
60.598,47.07,47.4809,
60.671,46.73,47.4356,
60.693,46.63,47.3929,
60.720,46.43,47.3524,
60.748,46.45,47.3133,
60.781,46.68,47.2749,
60.815,46.32,47.2363,
60.848,46.08,47.1967,
60.879,45.98,47.1555,
60.913,45.91,47.1117,
60.947,45.68,47.0647,
60.981,45.40,47.0136,
61.015,45.44,46.9576,
61.048,44.95,46.8958,
61.081,44.92,46.8275,
61.113,44.36,46.7518,
61.149,44.70,46.6680,
61.180,44.44,46.5752,
61.212,44.51,46.4731,
61.240,44.28,46.3616,
61.273,44.48,46.2408,
61.302,44.65,46.1115,
61.330,44.48,45.9750,
61.361,44.24,45.8328,
61.390,43.93,45.6871,
61.421,43.81,45.5395,
61.484,43.64,45.3919,
61.502,43.62,45.2456,
61.521,43.54,45.1016,
61.540,43.74,44.9606,
61.563,43.50,44.8235,
61.585,43.53,44.6907,
61.610,43.58,44.5629,
61.638,43.63,44.4405,
61.664,43.07,44.3242,
61.692,43.34,44.2143,
61.722,43.23,44.1110,
61.754,43.23,44.0142,
61.786,43.29,43.9240,
61.822,43.17,43.8400,
61.856,42.77,43.7621,
61.890,42.79,43.6900,
61.922,42.80,43.6229,
61.955,42.78,43.5603,
61.986,42.55,43.5012,
62.013,42.80,43.4447,
62.039,42.40,43.3902,
62.070,42.91,43.3368,
62.098,42.36,43.2841,
62.129,42.72,43.2317,
62.162,42.54,43.1793,
62.240,42.52,43.1269,
62.270,42.37,43.0745,
62.300,42.49,43.0223,
62.340,42.50,42.9704,
62.387,42.26,42.9192,
62.432,42.48,42.8687,
62.469,42.47,42.8194,
62.501,42.60,42.7714,
62.536,42.22,42.7252,
62.564,42.25,42.6812,
62.591,42.10,42.6396,
62.619,41.89,42.6004,
62.644,42.01,42.5635,
62.670,41.79,42.5283,
62.695,41.50,42.4944,
62.718,41.66,42.4610,
62.740,41.48,42.4270,
62.765,41.32,42.3918,
62.790,41.11,42.3542,
62.816,41.21,42.3134,
62.844,40.94,42.2685,
62.870,40.61,42.2188,
62.892,40.47,42.1635,
62.917,40.25,42.1021,
62.939,40.24,42.0336,
63.000,40.06,41.9574,
63.020,40.15,41.8731,
63.047,40.03,41.7804,
63.074,39.94,41.6794,
63.102,39.81,41.5706,
63.127,39.75,41.4546,
63.152,39.60,41.3325,
63.177,39.52,41.2052,
63.203,39.58,41.0740,
63.227,39.45,40.9401,
63.251,39.16,40.8048,
63.276,39.43,40.6693,
63.302,39.12,40.5348,
63.328,39.23,40.4024,
63.356,39.36,40.2731,
63.384,39.10,40.1479,
63.410,38.96,40.0276,
63.440,39.20,39.9131,
63.470,39.37,39.8050,
63.501,38.65,39.7038,
63.532,38.77,39.6099,
63.564,38.63,39.5234,
63.596,38.65,39.4440,
63.624,38.64,39.3711,
63.655,38.49,39.3040,
63.733,38.12,39.2419,
63.755,38.37,39.1838,
63.785,38.02,39.1287,
63.813,38.19,39.0753,
63.846,37.84,39.0227,
63.881,37.90,38.9698,
63.914,37.98,38.9156,
63.947,37.66,38.8594,
63.980,37.76,38.8006,
64.011,37.40,38.7388,
64.044,37.29,38.6738,
64.074,37.59,38.6052,
64.104,37.63,38.5330,
64.131,37.40,38.4573,
64.161,37.04,38.3785,
64.194,37.15,38.2971,
64.222,37.49,38.2137,
64.254,37.04,38.1288,
64.287,36.80,38.0431,
64.315,36.84,37.9572,
64.346,36.56,37.8715,
64.381,36.76,37.7863,
64.412,36.50,37.7016,
64.444,36.39,37.6176,
64.473,36.45,37.5342,
64.537,36.42,37.4512,
64.558,36.44,37.3687,
64.579,35.98,37.2867,
64.603,36.13,37.2051,
64.626,35.96,37.1241,
64.654,36.27,37.0435,
64.685,36.10,36.9633,
64.712,35.93,36.8837,
64.740,35.45,36.8049,
64.773,35.77,36.7270,
64.810,35.48,36.6500,
64.844,35.63,36.5738,
64.870,34.92,36.4982,
64.899,35.40,36.4228,
64.931,34.93,36.3473,
64.963,35.27,36.2712,
64.995,35.16,36.1942,
65.022,35.01,36.1160,
65.051,35.01,36.0367,
65.079,34.75,35.9563,
65.109,34.81,35.8752,
65.139,34.62,35.7934,
65.169,34.60,35.7111,
65.197,34.71,35.6286,
65.228,34.51,35.5460,
65.295,34.30,35.4635,
65.320,34.38,35.3814,
65.353,34.21,35.2999,
65.387,34.08,35.2191,
65.431,34.10,35.1389,
65.474,33.82,35.0595,
65.514,33.74,34.9806,
65.553,33.63,34.9020,
65.588,33.51,34.8235,
65.625,33.79,34.7447,
65.659,33.59,34.6653,
65.692,33.42,34.5851,
65.724,33.29,34.5041,
65.755,32.97,34.4224,
65.788,32.95,34.3399,
65.821,33.22,34.2565,
65.853,33.18,34.1720,
65.880,32.97,34.0864,
65.911,32.82,33.9999,
65.941,32.82,33.9130,
65.971,32.53,33.8258,
66.002,32.79,33.7386,
66.030,32.44,33.6517,
66.061,32.28,33.5652,
66.090,32.56,33.4793,
66.158,31.98,33.3939,
66.179,32.07,33.3091,
66.203,32.11,33.2247,
66.230,32.18,33.1407,
66.257,31.80,33.0568,
66.286,31.66,32.9732,
66.314,32.02,32.8896,
66.345,31.70,32.8062,
66.376,31.76,32.7229,
66.405,31.35,32.6399,
66.438,31.48,32.5574,
66.471,31.38,32.4752,
66.511,31.17,32.3935,
66.550,31.21,32.3122,
66.585,31.41,32.2312,
66.621,30.70,32.1505,
66.656,31.09,32.0701,
66.687,30.83,31.9899,
66.716,30.93,31.9098,
66.747,30.71,31.8298,
66.782,30.77,31.7499,
66.818,30.30,31.6701,
66.848,30.36,31.5905,
66.879,30.27,31.5109,
66.905,30.19,31.4309,
66.972,30.29,31.3505,
66.993,29.92,31.2694,
67.014,30.03,31.1874,
67.036,29.86,31.1045,
67.060,29.82,31.0206,
67.087,29.63,30.9358,
67.118,29.45,30.8499,
67.145,29.56,30.7630,
67.176,29.57,30.6751,
67.205,29.60,30.5863,
67.235,29.52,30.4968,
67.262,29.32,30.4069,
67.292,29.57,30.3174,
67.323,29.31,30.2286,
67.353,29.16,30.1413,
67.380,29.15,30.0559,
67.410,28.90,29.9729,
67.442,28.89,29.8925,
67.471,28.78,29.8147,
67.503,28.64,29.7393,
67.530,28.70,29.6659,
67.560,28.67,29.5942,
67.591,28.59,29.5238,
67.623,28.41,29.4543,
67.653,28.25,29.3854,
67.717,27.83,29.3168,
67.736,28.31,29.2480,
67.754,28.18,29.1786,
67.778,28.14,29.1080,
67.804,28.00,29.0361,
67.835,28.01,28.9629,
67.861,27.85,28.8886,
67.890,27.72,28.8133,
67.926,27.87,28.7373,
67.963,27.53,28.6608,
67.995,27.82,28.5840,
68.028,27.76,28.5074,
68.060,27.45,28.4311,
68.089,27.28,28.3557,
68.119,27.25,28.2813,
68.146,27.31,28.2081,
68.177,27.29,28.1360,
68.205,27.30,28.0651,
68.235,27.13,27.9952,
68.262,26.80,27.9264,
68.293,26.66,27.8587,
68.324,26.64,27.7919,
68.354,26.60,27.7254,
68.385,26.52,27.6587,
68.413,26.66,27.5913,
68.485,26.36,27.5229,
68.513,26.37,27.4530,
68.543,26.37,27.3817,
68.574,25.84,27.3087,
68.604,26.13,27.2341,
68.636,26.03,27.1577,
68.670,26.02,27.0796,
68.705,25.89,26.9999,
68.737,25.60,26.9187,
68.769,25.31,26.8362,
68.804,25.61,26.7526,
68.838,25.51,26.6677,
68.870,25.32,26.5816,
68.902,25.30,26.4945,
68.931,25.18,26.4063,
68.963,25.08,26.3174,
68.994,24.97,26.2279,
69.023,25.04,26.1379,
69.053,25.06,26.0477,
69.085,24.87,25.9576,
69.119,24.69,25.8678,
69.147,24.76,25.7787,
69.181,24.72,25.6907,
69.215,24.65,25.6038,
69.246,24.24,25.5185,
69.318,24.16,25.4347,
69.342,24.23,25.3525,
69.374,24.33,25.2716,
69.405,24.01,25.1917,
69.437,24.03,25.1126,
69.470,24.12,25.0341,
69.504,23.74,24.9560,
69.538,23.76,24.8782,
69.571,23.67,24.8007,
69.604,23.87,24.7233,
69.637,23.42,24.6458,
69.671,23.12,24.5683,
69.703,23.12,24.4905,
69.736,23.25,24.4122,
69.762,23.06,24.3329,
69.800,22.95,24.2524,
69.825,22.76,24.1705,
69.851,22.85,24.0868,
69.873,22.88,24.0013,
69.898,22.74,23.9140,
69.922,22.81,23.8252,
69.949,22.84,23.7351,
69.972,22.47,23.6444,
69.997,22.48,23.5536,
70.022,22.63,23.4634,
70.085,22.56,23.3743,
70.105,22.60,23.2868,
70.128,22.23,23.2016,
70.148,22.27,23.1193,
70.173,22.21,23.0400,
70.198,22.06,22.9642,
70.221,21.95,22.8916,
70.245,22.33,22.8222,
70.271,21.89,22.7558,
70.298,21.69,22.6920,
70.322,21.72,22.6306,
70.349,21.67,22.5712,
70.372,22.06,22.5131,
70.398,21.42,22.4560,
70.421,21.42,22.3995,
70.445,21.04,22.3433,
70.469,21.39,22.2867,
70.493,21.48,22.2294,
70.519,20.86,22.1707,
70.542,21.10,22.1104,
70.569,20.98,22.0481,
70.592,20.81,21.9837,
70.617,20.94,21.9170,
70.639,21.09,21.8479,
70.662,21.01,21.7766,
70.725,21.02,21.7037,
70.746,20.42,21.6297,
70.765,20.50,21.5553,
70.789,20.42,21.4810,
70.815,20.32,21.4069,
70.839,20.45,21.3331,
70.866,20.56,21.2598,
70.890,20.72,21.1869,
70.918,20.55,21.1148,
70.943,20.42,21.0441,
70.969,19.93,20.9754,
70.994,20.06,20.9090,
71.021,20.03,20.8452,
71.047,19.96,20.7837,
71.071,19.86,20.7243,
71.098,19.75,20.6665,
71.124,19.74,20.6100,
71.152,19.96,20.5543,
71.179,19.62,20.4990,
71.207,19.40,20.4438,
71.234,19.32,20.3883,
71.260,19.64,20.3324,
71.288,19.29,20.2755,
71.317,19.29,20.2176,
71.344,19.14,20.1584,
71.409,19.07,20.0977,
71.430,18.95,20.0356,
71.451,18.83,19.9718,
71.475,18.85,19.9063,
71.501,18.85,19.8390,
71.529,18.84,19.7697,
71.555,18.67,19.6987,
71.582,18.72,19.6262,
71.608,18.52,19.5524,
71.636,18.40,19.4777,
71.666,18.45,19.4025,
71.692,18.21,19.3269,
71.719,18.44,19.2512,
71.745,18.20,19.1755,
71.775,18.12,19.1002,
71.804,18.02,19.0253,
71.835,18.09,18.9511,
71.862,18.05,18.8776,
71.892,17.78,18.8050,
71.920,18.00,18.7334,
71.949,17.73,18.6627,
71.980,17.55,18.5932,
72.014,17.44,18.5247,
72.048,17.66,18.4572,
72.081,17.68,18.3903,
72.153,17.34,18.3241,
72.185,17.28,18.2583,
72.219,17.06,18.1930,
72.252,17.05,18.1279,
72.285,16.92,18.0627,
72.318,16.62,17.9970,
72.345,16.77,17.9303,
72.377,16.72,17.8622,
72.411,16.36,17.7921,
72.441,16.48,17.7197,
72.467,16.49,17.6446,
72.497,16.44,17.5668,
72.528,16.32,17.4861,
72.557,16.18,17.4030,
72.586,15.94,17.3176,
72.616,16.17,17.2303,
72.645,15.88,17.1415,
72.674,15.85,17.0516,
72.703,15.70,16.9608,
72.733,15.99,16.8696,
72.763,15.48,16.7782,
72.802,15.46,16.6872,
72.836,15.51,16.5967,
72.871,15.57,16.5069,
72.904,15.50,16.4182,
72.978,15.05,16.3307,
73.002,14.96,16.2447,
73.036,14.91,16.1602,
73.069,14.87,16.0769,
73.102,14.84,15.9946,
73.135,14.65,15.9130,
73.168,14.73,15.8315,
73.201,14.44,15.7501,
73.227,14.75,15.6683,
73.260,14.44,15.5861,
73.291,14.44,15.5035,
73.321,14.39,15.4206,
73.354,14.25,15.3376,
73.386,14.02,15.2546,
73.419,14.19,15.1718,
73.452,14.08,15.0893,
73.485,13.75,15.0072,
73.516,13.67,14.9257,
73.545,13.73,14.8446,
73.578,13.54,14.7639,
73.610,13.64,14.6833,
73.639,13.45,14.6027,
73.669,13.39,14.5219,
73.698,13.37,14.4410,
73.728,13.11,14.3598,
73.809,12.91,14.2784,
73.836,13.18,14.1967,
73.860,12.78,14.1145,
73.894,12.68,14.0318,
73.927,12.51,13.9484,
73.959,12.65,13.8641,
73.987,12.71,13.7786,
74.011,12.68,13.6919,
74.044,12.56,13.6042,
74.074,11.98,13.5157,
74.101,12.16,13.4267,
74.127,12.41,13.3375,
74.158,12.58,13.2482,
74.187,11.94,13.1591,
74.218,11.90,13.0707,
74.249,11.83,12.9834,
74.280,12.08,12.8975,
74.310,11.78,12.8131,
74.344,11.83,12.7303,
74.376,11.71,12.6493,
74.408,11.49,12.5701,
74.438,11.53,12.4928,
74.468,11.22,12.4173,
74.495,11.23,12.3433,
74.526,11.40,12.2705,
74.594,10.85,12.1986,
74.614,11.12,12.1270,
74.636,11.21,12.0556,
74.658,10.88,11.9838,
74.683,10.99,11.9117,
74.710,10.78,11.8392,
74.740,10.75,11.7662,
74.770,10.70,11.6928,
74.805,10.53,11.6191,
74.836,10.30,11.5450,
74.869,10.49,11.4707,
74.902,10.24,11.3960,
74.932,10.39,11.3208,
74.962,10.25,11.2452,
74.995,10.21,11.1692,
75.027,10.25,11.0929,
75.060,10.15,11.0166,
75.093,9.89,10.9406,
75.124,9.84,10.8651,
75.156,9.77,10.7904,
75.187,9.65,10.7166,
75.220,9.45,10.6435,
75.251,9.17,10.5709,
75.281,9.53,10.4985,
75.312,9.19,10.4259,
75.380,8.96,10.3526,
75.400,9.18,10.2782,
75.421,9.22,10.2023,
75.448,9.01,10.1248,
75.478,8.90,10.0458,
75.508,8.94,9.9652,
75.540,8.91,9.8835,
75.572,8.33,9.8008,
75.605,8.90,9.7176,
75.638,8.54,9.6341,
75.668,8.53,9.5505,
75.700,8.37,9.4671,
75.728,8.13,9.3842,
75.763,8.29,9.3019,
75.794,8.35,9.2203,
75.827,8.02,9.1395,
75.859,7.80,9.0595,
75.890,7.70,8.9802,
75.921,7.79,8.9016,
75.951,7.96,8.8232,
75.981,7.67,8.7450,
76.013,7.71,8.6669,
76.046,7.44,8.5887,
76.078,7.26,8.5107,
76.106,7.32,8.4328,
76.178,7.15,8.3549,
76.199,7.27,8.2768,
76.220,6.97,8.1984,
76.246,6.84,8.1195,
76.274,7.00,8.0402,
76.302,6.87,7.9602,
76.333,6.82,7.8796,
76.361,6.72,7.7985,
76.392,6.40,7.7169,
76.421,6.51,7.6350,
76.453,6.10,7.5528,
76.487,6.28,7.4703,
76.518,6.13,7.3873,
76.549,6.31,7.3036,
76.578,6.40,7.2192,
76.611,6.02,7.1342,
76.643,5.96,7.0491,
76.672,5.63,6.9641,
76.702,5.76,6.8795,
76.735,5.65,6.7954,
76.769,5.44,6.7118,
76.801,5.60,6.6286,
76.833,5.28,6.5456,
76.864,5.39,6.4629,
76.896,5.19,6.3804,
76.966,5.18,6.2979,
76.987,5.06,6.2153,
77.009,5.15,6.1328,
77.032,4.95,6.0502,
77.060,4.91,5.9678,
77.089,4.68,5.8855,
77.118,4.56,5.8035,
77.145,4.98,5.7218,
77.177,4.72,5.6405,
77.210,4.72,5.5597,
77.243,4.52,5.4796,
77.276,4.16,5.4007,
77.305,4.47,5.3231,
77.335,4.41,5.2468,
77.367,4.19,5.1719,
77.396,4.06,5.0984,
77.428,3.99,5.0262,
77.461,4.00,4.9551,
77.494,3.73,4.8850,
77.528,3.79,4.8154,
77.561,3.36,4.7462,
77.594,3.11,4.6768,
77.627,3.65,4.6065,
77.662,3.35,4.5349,
77.695,3.69,4.4613,
77.764,3.11,4.3857,
77.793,3.03,4.3082,
77.825,2.94,4.2289,
77.859,2.77,4.1479,
77.892,2.84,4.0652,
77.925,3.13,3.9808,
77.957,2.93,3.8950,
77.985,2.79,3.8081,
78.012,2.34,3.7207,
78.042,2.65,3.6332,
78.071,2.62,3.5462,
78.100,2.40,3.4599,
78.126,2.39,3.3746,
78.154,2.24,3.2906,
78.183,2.12,3.2082,
78.211,1.62,3.1273,
78.240,2.22,3.0479,
78.274,2.35,2.9696,
78.312,1.56,2.8923,
78.352,1.81,2.8159,
78.396,1.68,2.7403,
78.440,1.40,2.6654,
78.481,1.29,2.5908,
78.522,1.24,2.5163,
78.551,1.43,2.4414,
78.611,1.09,2.3656,
78.630,1.07,2.2886,
78.648,1.08,2.2102,
78.666,0.83,2.1304,
78.686,1.10,2.0490,
78.708,0.66,1.9662,
78.731,1.06,1.8821,
78.752,0.87,1.7970,
78.775,0.67,1.7114,
78.809,0.48,1.6259,
78.860,0.53,1.5409,
78.894,0.41,1.4568,
78.922,0.02,1.3739,
78.947,0.25,1.2921,
78.974,0.09,1.2114,
79.000,0.30,1.1317,
79.023,-0.04,1.0527,
